,year,genres,total_films,norm_per_year
0,1965,Action,1,0.06666666666666667
1,1965,Adventure,1,0.06666666666666667
2,1965,Comedy,2,0.13333333333333333
3,1965,Crime,2,0.13333333333333333
4,1965,Drama,2,0.13333333333333333
5,1965,Family,1,0.06666666666666667
752,1965,Fantasy,0,0.0
6,1965,History,1,0.06666666666666667
761,1965,Horror,0,0.0
7,1965,Music,1,0.06666666666666667
760,1965,Romance,0,0.0
8,1965,Science Fiction,1,0.06666666666666667
9,1965,Thriller,2,0.13333333333333333
763,1965,War,0,0.0
10,1965,Western,1,0.06666666666666667
0,1966,Action,1,0.06666666666666667
1,1966,Adventure,1,0.06666666666666667
2,1966,Comedy,2,0.13333333333333333
3,1966,Crime,2,0.13333333333333333
4,1966,Drama,2,0.13333333333333333
5,1966,Family,1,0.06666666666666667
752,1966,Fantasy,0,0.0
6,1966,History,1,0.06666666666666667
761,1966,Horror,0,0.0
7,1966,Music,1,0.06666666666666667
760,1966,Romance,0,0.0
8,1966,Science Fiction,1,0.06666666666666667
9,1966,Thriller,2,0.13333333333333333
763,1966,War,0,0.0
10,1966,Western,1,0.06666666666666667
11,1967,Action,2,0.18181818181818182
12,1967,Adventure,1,0.09090909090909091
744,1967,Comedy,0,0.0
13,1967,Crime,2,0.18181818181818182
14,1967,Drama,2,0.18181818181818182
742,1967,Family,0,0.0
737,1967,Fantasy,0,0.0
15,1967,History,1,0.09090909090909091
16,1967,Horror,1,0.09090909090909091
749,1967,Music,0,0.0
745,1967,Romance,0,0.0
738,1967,Science Fiction,0,0.0
17,1967,Thriller,2,0.18181818181818182
748,1967,War,0,0.0
743,1967,Western,0,0.0
540,1968,Action,0,0.0
18,1968,Adventure,1,0.05555555555555555
19,1968,Comedy,1,0.05555555555555555
544,1968,Crime,0,0.0
20,1968,Drama,4,0.2222222222222222
21,1968,Family,2,0.1111111111111111
542,1968,Fantasy,0,0.0
552,1968,History,0,0.0
22,1968,Horror,2,0.1111111111111111
23,1968,Music,1,0.05555555555555555
24,1968,Romance,1,0.05555555555555555
25,1968,Science Fiction,3,0.16666666666666666
546,1968,Thriller,0,0.0
553,1968,War,0,0.0
26,1968,Western,3,0.16666666666666666
27,1969,Action,4,0.13333333333333333
28,1969,Adventure,2,0.06666666666666667
29,1969,Comedy,3,0.1
30,1969,Crime,3,0.1
31,1969,Drama,7,0.23333333333333334
697,1969,Family,0,0.0
692,1969,Fantasy,0,0.0
32,1969,History,1,0.03333333333333333
701,1969,Horror,0,0.0
33,1969,Music,2,0.06666666666666667
34,1969,Romance,2,0.06666666666666667
693,1969,Science Fiction,0,0.0
35,1969,Thriller,3,0.1
703,1969,War,0,0.0
36,1969,Western,3,0.1
37,1970,Action,4,0.11764705882352941
38,1970,Adventure,3,0.08823529411764706
39,1970,Comedy,4,0.11764705882352941
664,1970,Crime,0,0.0
40,1970,Drama,8,0.23529411764705882
667,1970,Family,0,0.0
662,1970,Fantasy,0,0.0
41,1970,History,5,0.14705882352941177
671,1970,Horror,0,0.0
42,1970,Music,2,0.058823529411764705
43,1970,Romance,1,0.029411764705882353
44,1970,Science Fiction,1,0.029411764705882353
45,1970,Thriller,2,0.058823529411764705
46,1970,War,3,0.08823529411764706
47,1970,Western,1,0.029411764705882353
48,1971,Action,4,0.18181818181818182
49,1971,Adventure,1,0.045454545454545456
50,1971,Comedy,1,0.045454545454545456
51,1971,Crime,2,0.09090909090909091
52,1971,Drama,3,0.13636363636363635
53,1971,Family,1,0.045454545454545456
54,1971,Fantasy,1,0.045454545454545456
687,1971,History,0,0.0
55,1971,Horror,1,0.045454545454545456
689,1971,Music,0,0.0
56,1971,Romance,3,0.13636363636363635
57,1971,Science Fiction,2,0.09090909090909091
58,1971,Thriller,3,0.13636363636363635
688,1971,War,0,0.0
683,1971,Western,0,0.0
59,1972,Action,1,0.045454545454545456
60,1972,Adventure,2,0.09090909090909091
61,1972,Comedy,3,0.13636363636363635
62,1972,Crime,3,0.13636363636363635
63,1972,Drama,6,0.2727272727272727
517,1972,Family,0,0.0
512,1972,Fantasy,0,0.0
64,1972,History,1,0.045454545454545456
65,1972,Horror,1,0.045454545454545456
66,1972,Music,1,0.045454545454545456
520,1972,Romance,0,0.0
67,1972,Science Fiction,3,0.13636363636363635
68,1972,Thriller,1,0.045454545454545456
523,1972,War,0,0.0
518,1972,Western,0,0.0
69,1973,Action,2,0.1
70,1973,Adventure,1,0.05
71,1973,Comedy,3,0.15
72,1973,Crime,2,0.1
73,1973,Drama,4,0.2
607,1973,Family,0,0.0
602,1973,Fantasy,0,0.0
612,1973,History,0,0.0
74,1973,Horror,1,0.05
614,1973,Music,0,0.0
75,1973,Romance,1,0.05
76,1973,Science Fiction,2,0.1
77,1973,Thriller,2,0.1
613,1973,War,0,0.0
78,1973,Western,2,0.1
79,1974,Action,1,0.05555555555555555
80,1974,Adventure,2,0.1111111111111111
81,1974,Comedy,3,0.16666666666666666
82,1974,Crime,2,0.1111111111111111
83,1974,Drama,3,0.16666666666666666
84,1974,Family,1,0.05555555555555555
707,1974,Fantasy,0,0.0
717,1974,History,0,0.0
85,1974,Horror,1,0.05555555555555555
719,1974,Music,0,0.0
86,1974,Romance,2,0.1111111111111111
87,1974,Science Fiction,1,0.05555555555555555
88,1974,Thriller,1,0.05555555555555555
718,1974,War,0,0.0
89,1974,Western,1,0.05555555555555555
90,1975,Action,1,0.07142857142857142
91,1975,Adventure,2,0.14285714285714285
92,1975,Comedy,3,0.21428571428571427
724,1975,Crime,0,0.0
93,1975,Drama,2,0.14285714285714285
727,1975,Family,0,0.0
94,1975,Fantasy,1,0.07142857142857142
732,1975,History,0,0.0
95,1975,Horror,1,0.07142857142857142
734,1975,Music,0,0.0
96,1975,Romance,1,0.07142857142857142
97,1975,Science Fiction,1,0.07142857142857142
98,1975,Thriller,1,0.07142857142857142
99,1975,War,1,0.07142857142857142
728,1975,Western,0,0.0
100,1976,Action,2,0.1
101,1976,Adventure,2,0.1
102,1976,Comedy,3,0.15
103,1976,Crime,2,0.1
104,1976,Drama,4,0.2
105,1976,Family,1,0.05
632,1976,Fantasy,0,0.0
642,1976,History,0,0.0
106,1976,Horror,1,0.05
644,1976,Music,0,0.0
107,1976,Romance,2,0.1
108,1976,Science Fiction,1,0.05
109,1976,Thriller,2,0.1
643,1976,War,0,0.0
638,1976,Western,0,0.0
110,1977,Action,6,0.13636363636363635
111,1977,Adventure,5,0.11363636363636363
112,1977,Comedy,3,0.06818181818181818
649,1977,Crime,0,0.0
113,1977,Drama,8,0.18181818181818182
652,1977,Family,0,0.0
114,1977,Fantasy,2,0.045454545454545456
115,1977,History,1,0.022727272727272728
116,1977,Horror,3,0.06818181818181818
117,1977,Music,2,0.045454545454545456
118,1977,Romance,2,0.045454545454545456
119,1977,Science Fiction,6,0.13636363636363635
120,1977,Thriller,4,0.09090909090909091
121,1977,War,2,0.045454545454545456
653,1977,Western,0,0.0
122,1978,Action,5,0.13513513513513514
123,1978,Adventure,4,0.10810810810810811
124,1978,Comedy,1,0.02702702702702703
484,1978,Crime,0,0.0
125,1978,Drama,5,0.13513513513513514
126,1978,Family,1,0.02702702702702703
127,1978,Fantasy,2,0.05405405405405406
492,1978,History,0,0.0
128,1978,Horror,4,0.10810810810810811
129,1978,Music,2,0.05405405405405406
130,1978,Romance,3,0.08108108108108109
131,1978,Science Fiction,3,0.08108108108108109
132,1978,Thriller,5,0.13513513513513514
133,1978,War,2,0.05405405405405406
488,1978,Western,0,0.0
134,1979,Action,7,0.15555555555555556
135,1979,Adventure,7,0.15555555555555556
136,1979,Comedy,2,0.044444444444444446
137,1979,Crime,2,0.044444444444444446
138,1979,Drama,6,0.13333333333333333
139,1979,Family,3,0.06666666666666667
407,1979,Fantasy,0,0.0
417,1979,History,0,0.0
140,1979,Horror,2,0.044444444444444446
141,1979,Music,2,0.044444444444444446
142,1979,Romance,1,0.022222222222222223
143,1979,Science Fiction,7,0.15555555555555556
144,1979,Thriller,5,0.1111111111111111
145,1979,War,1,0.022222222222222223
413,1979,Western,0,0.0
146,1980,Action,5,0.10638297872340426
147,1980,Adventure,3,0.06382978723404255
148,1980,Comedy,6,0.1276595744680851
149,1980,Crime,1,0.02127659574468085
150,1980,Drama,9,0.19148936170212766
502,1980,Family,0,0.0
151,1980,Fantasy,2,0.0425531914893617
152,1980,History,3,0.06382978723404255
153,1980,Horror,3,0.06382978723404255
154,1980,Music,3,0.06382978723404255
155,1980,Romance,2,0.0425531914893617
156,1980,Science Fiction,5,0.10638297872340426
157,1980,Thriller,3,0.06382978723404255
508,1980,War,0,0.0
158,1980,Western,2,0.0425531914893617
159,1981,Action,9,0.12162162162162163
160,1981,Adventure,10,0.13513513513513514
161,1981,Comedy,8,0.10810810810810811
162,1981,Crime,3,0.04054054054054054
163,1981,Drama,10,0.13513513513513514
164,1981,Family,2,0.02702702702702703
165,1981,Fantasy,2,0.02702702702702703
166,1981,History,5,0.06756756756756757
167,1981,Horror,5,0.06756756756756757
539,1981,Music,0,0.0
168,1981,Romance,4,0.05405405405405406
169,1981,Science Fiction,4,0.05405405405405406
170,1981,Thriller,8,0.10810810810810811
171,1981,War,3,0.04054054054054054
172,1981,Western,1,0.013513513513513514
173,1982,Action,8,0.12307692307692308
174,1982,Adventure,6,0.09230769230769231
175,1982,Comedy,6,0.09230769230769231
176,1982,Crime,2,0.03076923076923077
177,1982,Drama,8,0.12307692307692308
178,1982,Family,2,0.03076923076923077
179,1982,Fantasy,5,0.07692307692307693
180,1982,History,1,0.015384615384615385
181,1982,Horror,8,0.12307692307692308
389,1982,Music,0,0.0
182,1982,Romance,2,0.03076923076923077
183,1982,Science Fiction,8,0.12307692307692308
184,1982,Thriller,7,0.1076923076923077
185,1982,War,1,0.015384615384615385
186,1982,Western,1,0.015384615384615385
187,1983,Action,7,0.1111111111111111
188,1983,Adventure,7,0.1111111111111111
189,1983,Comedy,5,0.07936507936507936
190,1983,Crime,3,0.047619047619047616
191,1983,Drama,10,0.15873015873015872
192,1983,Family,1,0.015873015873015872
193,1983,Fantasy,3,0.047619047619047616
194,1983,History,1,0.015873015873015872
195,1983,Horror,3,0.047619047619047616
196,1983,Music,2,0.031746031746031744
197,1983,Romance,5,0.07936507936507936
198,1983,Science Fiction,6,0.09523809523809523
199,1983,Thriller,8,0.12698412698412698
628,1983,War,0,0.0
200,1983,Western,2,0.031746031746031744
201,1984,Action,12,0.14457831325301204
202,1984,Adventure,7,0.08433734939759036
203,1984,Comedy,9,0.10843373493975904
204,1984,Crime,6,0.07228915662650602
205,1984,Drama,10,0.12048192771084337
206,1984,Family,2,0.024096385542168676
207,1984,Fantasy,6,0.07228915662650602
208,1984,History,3,0.03614457831325301
209,1984,Horror,7,0.08433734939759036
210,1984,Music,3,0.03614457831325301
211,1984,Romance,3,0.03614457831325301
212,1984,Science Fiction,8,0.0963855421686747
213,1984,Thriller,7,0.08433734939759036
463,1984,War,0,0.0
458,1984,Western,0,0.0
214,1985,Action,10,0.13157894736842105
215,1985,Adventure,10,0.13157894736842105
216,1985,Comedy,5,0.06578947368421052
217,1985,Crime,3,0.039473684210526314
218,1985,Drama,10,0.13157894736842105
219,1985,Family,4,0.05263157894736842
220,1985,Fantasy,4,0.05263157894736842
567,1985,History,0,0.0
221,1985,Horror,5,0.06578947368421052
222,1985,Music,1,0.013157894736842105
223,1985,Romance,6,0.07894736842105263
224,1985,Science Fiction,6,0.07894736842105263
225,1985,Thriller,9,0.11842105263157894
226,1985,War,1,0.013157894736842105
227,1985,Western,2,0.02631578947368421
228,1986,Action,7,0.1111111111111111
229,1986,Adventure,7,0.1111111111111111
230,1986,Comedy,8,0.12698412698412698
231,1986,Crime,4,0.06349206349206349
232,1986,Drama,9,0.14285714285714285
592,1986,Family,0,0.0
233,1986,Fantasy,4,0.06349206349206349
597,1986,History,0,0.0
234,1986,Horror,7,0.1111111111111111
235,1986,Music,1,0.015873015873015872
236,1986,Romance,6,0.09523809523809523
237,1986,Science Fiction,5,0.07936507936507936
238,1986,Thriller,3,0.047619047619047616
239,1986,War,2,0.031746031746031744
593,1986,Western,0,0.0
240,1987,Action,8,0.10256410256410256
241,1987,Adventure,9,0.11538461538461539
242,1987,Comedy,13,0.16666666666666666
243,1987,Crime,3,0.038461538461538464
244,1987,Drama,11,0.14102564102564102
245,1987,Family,4,0.05128205128205128
246,1987,Fantasy,5,0.0641025641025641
247,1987,History,2,0.02564102564102564
248,1987,Horror,6,0.07692307692307693
249,1987,Music,2,0.02564102564102564
250,1987,Romance,3,0.038461538461538464
251,1987,Science Fiction,4,0.05128205128205128
252,1987,Thriller,7,0.08974358974358974
253,1987,War,1,0.01282051282051282
578,1987,Western,0,0.0
254,1988,Action,7,0.0958904109589041
255,1988,Adventure,6,0.0821917808219178
256,1988,Comedy,10,0.136986301369863
257,1988,Crime,4,0.0547945205479452
258,1988,Drama,12,0.1643835616438356
259,1988,Family,2,0.0273972602739726
260,1988,Fantasy,3,0.0410958904109589
477,1988,History,0,0.0
261,1988,Horror,9,0.1232876712328767
479,1988,Music,0,0.0
262,1988,Romance,3,0.0410958904109589
263,1988,Science Fiction,4,0.0547945205479452
264,1988,Thriller,11,0.1506849315068493
265,1988,War,1,0.0136986301369863
266,1988,Western,1,0.0136986301369863
267,1989,Action,11,0.14102564102564102
268,1989,Adventure,10,0.1282051282051282
269,1989,Comedy,12,0.15384615384615385
270,1989,Crime,3,0.038461538461538464
271,1989,Drama,11,0.14102564102564102
272,1989,Family,2,0.02564102564102564
273,1989,Fantasy,2,0.02564102564102564
274,1989,History,2,0.02564102564102564
275,1989,Horror,6,0.07692307692307693
449,1989,Music,0,0.0
276,1989,Romance,3,0.038461538461538464
277,1989,Science Fiction,5,0.0641025641025641
278,1989,Thriller,8,0.10256410256410256
279,1989,War,3,0.038461538461538464
443,1989,Western,0,0.0
280,1990,Action,8,0.10526315789473684
281,1990,Adventure,8,0.10526315789473684
282,1990,Comedy,11,0.14473684210526316
283,1990,Crime,4,0.05263157894736842
284,1990,Drama,10,0.13157894736842105
285,1990,Family,4,0.05263157894736842
286,1990,Fantasy,3,0.039473684210526314
327,1990,History,0,0.0
287,1990,Horror,7,0.09210526315789473
329,1990,Music,0,0.0
288,1990,Romance,5,0.06578947368421052
289,1990,Science Fiction,5,0.06578947368421052
290,1990,Thriller,9,0.11842105263157894
328,1990,War,0,0.0
291,1990,Western,2,0.02631578947368421
292,1991,Action,11,0.13095238095238096
293,1991,Adventure,10,0.11904761904761904
294,1991,Comedy,11,0.13095238095238096
295,1991,Crime,6,0.07142857142857142
296,1991,Drama,13,0.15476190476190477
297,1991,Family,5,0.05952380952380952
298,1991,Fantasy,4,0.047619047619047616
299,1991,History,1,0.011904761904761904
300,1991,Horror,2,0.023809523809523808
301,1991,Music,1,0.011904761904761904
302,1991,Romance,4,0.047619047619047616
303,1991,Science Fiction,5,0.05952380952380952
304,1991,Thriller,11,0.13095238095238096
343,1991,War,0,0.0
338,1991,Western,0,0.0
305,1992,Action,9,0.09473684210526316
306,1992,Adventure,5,0.05263157894736842
307,1992,Comedy,12,0.12631578947368421
308,1992,Crime,11,0.11578947368421053
309,1992,Drama,13,0.1368421052631579
310,1992,Family,4,0.042105263157894736
311,1992,Fantasy,6,0.06315789473684211
312,1992,History,3,0.031578947368421054
313,1992,Horror,6,0.06315789473684211
314,1992,Music,2,0.021052631578947368
315,1992,Romance,7,0.07368421052631578
316,1992,Science Fiction,5,0.05263157894736842
317,1992,Thriller,10,0.10526315789473684
318,1992,War,1,0.010526315789473684
319,1992,Western,1,0.010526315789473684
320,1993,Action,17,0.12408759124087591
321,1993,Adventure,13,0.0948905109489051
322,1993,Comedy,14,0.10218978102189781
323,1993,Crime,8,0.058394160583941604
324,1993,Drama,26,0.1897810218978102
325,1993,Family,8,0.058394160583941604
326,1993,Fantasy,10,0.072992700729927
327,1993,History,3,0.021897810218978103
328,1993,Horror,3,0.021897810218978103
329,1993,Music,2,0.014598540145985401
330,1993,Romance,11,0.08029197080291971
331,1993,Science Fiction,7,0.051094890510948905
332,1993,Thriller,12,0.08759124087591241
333,1993,War,2,0.014598540145985401
334,1993,Western,1,0.0072992700729927005
335,1994,Action,21,0.14788732394366197
336,1994,Adventure,9,0.06338028169014084
337,1994,Comedy,26,0.18309859154929578
338,1994,Crime,13,0.09154929577464789
339,1994,Drama,20,0.14084507042253522
340,1994,Family,6,0.04225352112676056
341,1994,Fantasy,9,0.06338028169014084
342,1994,History,1,0.007042253521126761
343,1994,Horror,3,0.02112676056338028
359,1994,Music,0,0.0
344,1994,Romance,9,0.06338028169014084
345,1994,Science Fiction,4,0.028169014084507043
346,1994,Thriller,18,0.1267605633802817
347,1994,War,2,0.014084507042253521
348,1994,Western,1,0.007042253521126761
349,1995,Action,25,0.13157894736842105
350,1995,Adventure,11,0.05789473684210526
351,1995,Comedy,23,0.12105263157894737
352,1995,Crime,20,0.10526315789473684
353,1995,Drama,37,0.19473684210526315
354,1995,Family,6,0.031578947368421054
355,1995,Fantasy,8,0.042105263157894736
356,1995,History,3,0.015789473684210527
357,1995,Horror,6,0.031578947368421054
358,1995,Music,1,0.005263157894736842
359,1995,Romance,17,0.08947368421052632
360,1995,Science Fiction,5,0.02631578947368421
361,1995,Thriller,24,0.12631578947368421
362,1995,War,3,0.015789473684210527
363,1995,Western,1,0.005263157894736842
364,1996,Action,22,0.08906882591093117
365,1996,Adventure,14,0.05668016194331984
366,1996,Comedy,37,0.14979757085020243
367,1996,Crime,17,0.06882591093117409
368,1996,Drama,57,0.23076923076923078
369,1996,Family,8,0.032388663967611336
370,1996,Fantasy,10,0.04048582995951417
371,1996,History,4,0.016194331983805668
372,1996,Horror,6,0.024291497975708502
373,1996,Music,4,0.016194331983805668
374,1996,Romance,21,0.08502024291497975
375,1996,Science Fiction,9,0.03643724696356275
376,1996,Thriller,36,0.145748987854251
377,1996,War,2,0.008097165991902834
368,1996,Western,0,0.0
378,1997,Action,37,0.12758620689655173
379,1997,Adventure,23,0.07931034482758621
380,1997,Comedy,38,0.1310344827586207
381,1997,Crime,24,0.08275862068965517
382,1997,Drama,53,0.18275862068965518
383,1997,Family,9,0.03103448275862069
384,1997,Fantasy,10,0.034482758620689655
385,1997,History,3,0.010344827586206896
386,1997,Horror,10,0.034482758620689655
387,1997,Music,2,0.006896551724137931
388,1997,Romance,21,0.07241379310344828
389,1997,Science Fiction,19,0.06551724137931035
390,1997,Thriller,41,0.1413793103448276
193,1997,War,0,0.0
188,1997,Western,0,0.0
391,1998,Action,25,0.078125
392,1998,Adventure,21,0.065625
393,1998,Comedy,61,0.190625
394,1998,Crime,20,0.0625
395,1998,Drama,76,0.2375
396,1998,Family,14,0.04375
397,1998,Fantasy,13,0.040625
398,1998,History,4,0.0125
399,1998,Horror,9,0.028125
400,1998,Music,4,0.0125
401,1998,Romance,31,0.096875
402,1998,Science Fiction,13,0.040625
403,1998,Thriller,25,0.078125
404,1998,War,4,0.0125
293,1998,Western,0,0.0
405,1999,Action,25,0.06329113924050633
406,1999,Adventure,13,0.03291139240506329
407,1999,Comedy,84,0.21265822784810126
408,1999,Crime,24,0.060759493670886074
409,1999,Drama,91,0.23037974683544304
410,1999,Family,15,0.0379746835443038
411,1999,Fantasy,11,0.027848101265822784
412,1999,History,5,0.012658227848101266
413,1999,Horror,15,0.0379746835443038
414,1999,Music,4,0.010126582278481013
415,1999,Romance,42,0.10632911392405063
416,1999,Science Fiction,20,0.05063291139240506
417,1999,Thriller,39,0.09873417721518987
418,1999,War,3,0.007594936708860759
419,1999,Western,4,0.010126582278481013
420,2000,Action,40,0.09828009828009827
421,2000,Adventure,24,0.05896805896805897
422,2000,Comedy,70,0.171990171990172
423,2000,Crime,29,0.07125307125307126
424,2000,Drama,81,0.19901719901719903
425,2000,Family,20,0.04914004914004914
426,2000,Fantasy,11,0.02702702702702703
427,2000,History,1,0.002457002457002457
428,2000,Horror,13,0.03194103194103194
429,2000,Music,7,0.0171990171990172
430,2000,Romance,39,0.09582309582309582
431,2000,Science Fiction,18,0.044226044226044224
432,2000,Thriller,48,0.11793611793611794
433,2000,War,3,0.007371007371007371
434,2000,Western,3,0.007371007371007371
435,2001,Action,53,0.11496746203904555
436,2001,Adventure,27,0.05856832971800434
437,2001,Comedy,85,0.1843817787418655
438,2001,Crime,34,0.0737527114967462
439,2001,Drama,75,0.16268980477223427
440,2001,Family,17,0.0368763557483731
441,2001,Fantasy,16,0.03470715835140998
442,2001,History,5,0.010845986984815618
443,2001,Horror,11,0.02386117136659436
444,2001,Music,6,0.013015184381778741
445,2001,Romance,52,0.11279826464208242
446,2001,Science Fiction,19,0.04121475054229935
447,2001,Thriller,53,0.11496746203904555
448,2001,War,6,0.013015184381778741
449,2001,Western,2,0.004338394793926247
450,2002,Action,52,0.09848484848484848
451,2002,Adventure,40,0.07575757575757576
452,2002,Comedy,82,0.1553030303030303
453,2002,Crime,34,0.06439393939393939
454,2002,Drama,113,0.21401515151515152
455,2002,Family,27,0.05113636363636364
456,2002,Fantasy,14,0.026515151515151516
457,2002,History,9,0.017045454545454544
458,2002,Horror,16,0.030303030303030304
459,2002,Music,5,0.00946969696969697
460,2002,Romance,46,0.08712121212121213
461,2002,Science Fiction,18,0.03409090909090909
462,2002,Thriller,65,0.12310606060606061
463,2002,War,6,0.011363636363636364
464,2002,Western,1,0.001893939393939394
465,2003,Action,42,0.105
466,2003,Adventure,28,0.07
467,2003,Comedy,72,0.18
468,2003,Crime,32,0.08
469,2003,Drama,72,0.18
470,2003,Family,18,0.045
471,2003,Fantasy,15,0.0375
472,2003,History,7,0.0175
473,2003,Horror,12,0.03
474,2003,Music,7,0.0175
475,2003,Romance,27,0.0675
476,2003,Science Fiction,15,0.0375
477,2003,Thriller,46,0.115
478,2003,War,5,0.0125
479,2003,Western,2,0.005
480,2004,Action,41,0.0876068376068376
481,2004,Adventure,32,0.06837606837606838
482,2004,Comedy,82,0.1752136752136752
483,2004,Crime,23,0.049145299145299144
484,2004,Drama,101,0.21581196581196582
485,2004,Family,23,0.049145299145299144
486,2004,Fantasy,16,0.03418803418803419
487,2004,History,6,0.01282051282051282
488,2004,Horror,14,0.029914529914529916
489,2004,Music,10,0.021367521367521368
490,2004,Romance,45,0.09615384615384616
491,2004,Science Fiction,20,0.042735042735042736
492,2004,Thriller,47,0.10042735042735043
493,2004,War,6,0.01282051282051282
494,2004,Western,2,0.004273504273504274
495,2005,Action,48,0.09108159392789374
496,2005,Adventure,37,0.07020872865275142
497,2005,Comedy,82,0.1555977229601518
498,2005,Crime,29,0.05502846299810247
499,2005,Drama,115,0.21821631878557876
500,2005,Family,31,0.058823529411764705
501,2005,Fantasy,20,0.03795066413662239
502,2005,History,11,0.020872865275142316
503,2005,Horror,25,0.04743833017077799
504,2005,Music,6,0.011385199240986717
505,2005,Romance,49,0.09297912713472485
506,2005,Science Fiction,14,0.026565464895635674
507,2005,Thriller,52,0.09867172675521822
508,2005,War,6,0.011385199240986717
509,2005,Western,2,0.003795066413662239
510,2006,Action,50,0.0880281690140845
511,2006,Adventure,34,0.05985915492957746
512,2006,Comedy,90,0.15845070422535212
513,2006,Crime,34,0.05985915492957746
514,2006,Drama,133,0.23415492957746478
515,2006,Family,35,0.061619718309859156
516,2006,Fantasy,25,0.04401408450704225
517,2006,History,8,0.014084507042253521
518,2006,Horror,20,0.035211267605633804
519,2006,Music,7,0.01232394366197183
520,2006,Romance,46,0.08098591549295775
521,2006,Science Fiction,18,0.03169014084507042
522,2006,Thriller,58,0.10211267605633803
523,2006,War,9,0.01584507042253521
524,2006,Western,1,0.0017605633802816902
525,2007,Action,44,0.0962800875273523
526,2007,Adventure,25,0.05470459518599562
527,2007,Comedy,67,0.14660831509846828
528,2007,Crime,28,0.061269146608315096
529,2007,Drama,97,0.212253829321663
530,2007,Family,20,0.0437636761487965
531,2007,Fantasy,19,0.04157549234135667
532,2007,History,9,0.019693654266958426
533,2007,Horror,27,0.05908096280087528
534,2007,Music,11,0.024070021881838075
535,2007,Romance,37,0.08096280087527352
536,2007,Science Fiction,13,0.028446389496717725
537,2007,Thriller,53,0.11597374179431072
538,2007,War,2,0.00437636761487965
539,2007,Western,5,0.010940919037199124
540,2008,Action,46,0.08679245283018867
541,2008,Adventure,37,0.06981132075471698
542,2008,Comedy,82,0.15471698113207547
543,2008,Crime,33,0.062264150943396226
544,2008,Drama,106,0.2
545,2008,Family,29,0.05471698113207547
546,2008,Fantasy,20,0.03773584905660377
547,2008,History,13,0.024528301886792454
548,2008,Horror,21,0.03962264150943396
549,2008,Music,10,0.018867924528301886
550,2008,Romance,38,0.07169811320754717
551,2008,Science Fiction,27,0.0509433962264151
552,2008,Thriller,55,0.10377358490566038
553,2008,War,11,0.020754716981132074
554,2008,Western,2,0.0037735849056603774
555,2009,Action,51,0.0865874363327674
556,2009,Adventure,36,0.06112054329371817
557,2009,Comedy,97,0.16468590831918506
558,2009,Crime,32,0.05432937181663837
559,2009,Drama,122,0.2071307300509338
560,2009,Family,28,0.04753820033955857
561,2009,Fantasy,22,0.03735144312393888
562,2009,History,8,0.013582342954159592
563,2009,Horror,30,0.050933786078098474
564,2009,Music,11,0.01867572156196944
565,2009,Romance,57,0.0967741935483871
566,2009,Science Fiction,32,0.05432937181663837
567,2009,Thriller,59,0.100169779286927
568,2009,War,4,0.006791171477079796
8,2009,Western,0,0.0
569,2010,Action,49,0.09262759924385633
570,2010,Adventure,30,0.05671077504725898
571,2010,Comedy,87,0.16446124763705103
572,2010,Crime,30,0.05671077504725898
573,2010,Drama,115,0.21739130434782608
574,2010,Family,29,0.054820415879017016
575,2010,Fantasy,21,0.03969754253308128
576,2010,History,8,0.015122873345935728
577,2010,Horror,27,0.05103969754253308
578,2010,Music,2,0.003780718336483932
579,2010,Romance,45,0.08506616257088846
580,2010,Science Fiction,19,0.035916824196597356
581,2010,Thriller,56,0.10586011342155009
582,2010,War,6,0.011342155009451797
583,2010,Western,5,0.00945179584120983
584,2011,Action,58,0.11394891944990176
585,2011,Adventure,32,0.06286836935166994
586,2011,Comedy,82,0.16110019646365423
587,2011,Crime,24,0.047151277013752456
588,2011,Drama,99,0.1944990176817289
589,2011,Family,28,0.0550098231827112
590,2011,Fantasy,15,0.029469548133595286
591,2011,History,8,0.015717092337917484
592,2011,Horror,24,0.047151277013752456
593,2011,Music,5,0.009823182711198428
594,2011,Romance,30,0.05893909626719057
595,2011,Science Fiction,26,0.05108055009823183
596,2011,Thriller,69,0.13555992141453832
597,2011,War,6,0.011787819253438114
598,2011,Western,3,0.005893909626719057
599,2012,Action,43,0.09409190371991247
600,2012,Adventure,25,0.05470459518599562
601,2012,Comedy,80,0.175054704595186
602,2012,Crime,27,0.05908096280087528
603,2012,Drama,79,0.17286652078774617
604,2012,Family,17,0.037199124726477024
605,2012,Fantasy,19,0.04157549234135667
606,2012,History,4,0.0087527352297593
607,2012,Horror,33,0.07221006564551423
608,2012,Music,7,0.015317286652078774
609,2012,Romance,39,0.08533916849015317
610,2012,Science Fiction,22,0.04814004376367615
611,2012,Thriller,58,0.12691466083150985
612,2012,War,2,0.00437636761487965
613,2012,Western,2,0.00437636761487965
614,2013,Action,56,0.11045364891518737
615,2013,Adventure,36,0.07100591715976332
616,2013,Comedy,71,0.14003944773175542
617,2013,Crime,37,0.07297830374753451
618,2013,Drama,110,0.21696252465483234
619,2013,Family,22,0.04339250493096647
620,2013,Fantasy,21,0.04142011834319527
621,2013,History,8,0.015779092702169626
622,2013,Horror,25,0.04930966469428008
623,2013,Music,12,0.023668639053254437
624,2013,Romance,25,0.04930966469428008
625,2013,Science Fiction,27,0.05325443786982249
626,2013,Thriller,53,0.10453648915187377
627,2013,War,3,0.005917159763313609
628,2013,Western,1,0.0019723865877712033
629,2014,Action,54,0.10909090909090909
630,2014,Adventure,37,0.07474747474747474
631,2014,Comedy,62,0.12525252525252525
632,2014,Crime,27,0.05454545454545454
633,2014,Drama,110,0.2222222222222222
634,2014,Family,23,0.046464646464646465
635,2014,Fantasy,16,0.03232323232323232
636,2014,History,7,0.014141414141414142
637,2014,Horror,21,0.04242424242424243
638,2014,Music,9,0.01818181818181818
639,2014,Romance,24,0.048484848484848485
640,2014,Science Fiction,26,0.052525252525252523
641,2014,Thriller,66,0.13333333333333333
642,2014,War,10,0.020202020202020204
643,2014,Western,3,0.006060606060606061
644,2015,Action,46,0.10043668122270742
645,2015,Adventure,35,0.07641921397379912
646,2015,Comedy,52,0.11353711790393013
647,2015,Crime,26,0.056768558951965066
648,2015,Drama,95,0.2074235807860262
649,2015,Family,17,0.03711790393013101
650,2015,Fantasy,10,0.021834061135371178
651,2015,History,9,0.019650655021834062
652,2015,Horror,33,0.07205240174672489
653,2015,Music,8,0.017467248908296942
654,2015,Romance,23,0.05021834061135371
655,2015,Science Fiction,28,0.0611353711790393
656,2015,Thriller,67,0.1462882096069869
657,2015,War,2,0.004366812227074236
658,2015,Western,7,0.015283842794759825
659,2016,Action,39,0.16595744680851063
660,2016,Adventure,23,0.09787234042553192
661,2016,Comedy,26,0.11063829787234042
662,2016,Crime,10,0.0425531914893617
663,2016,Drama,37,0.1574468085106383
664,2016,Family,9,0.03829787234042553
665,2016,Fantasy,13,0.05531914893617021
666,2016,History,6,0.02553191489361702
667,2016,Horror,20,0.0851063829787234
668,2016,Music,1,0.00425531914893617
669,2016,Romance,9,0.03829787234042553
670,2016,Science Fiction,11,0.04680851063829787
671,2016,Thriller,27,0.1148936170212766
672,2016,War,3,0.01276595744680851
673,2016,Western,1,0.00425531914893617
659,2017,Action,39,0.16595744680851063
660,2017,Adventure,23,0.09787234042553192
661,2017,Comedy,26,0.11063829787234042
662,2017,Crime,10,0.0425531914893617
663,2017,Drama,37,0.1574468085106383
664,2017,Family,9,0.03829787234042553
665,2017,Fantasy,13,0.05531914893617021
666,2017,History,6,0.02553191489361702
667,2017,Horror,20,0.0851063829787234
668,2017,Music,1,0.00425531914893617
669,2017,Romance,9,0.03829787234042553
670,2017,Science Fiction,11,0.04680851063829787
671,2017,Thriller,27,0.1148936170212766
672,2017,War,3,0.01276595744680851
673,2017,Western,1,0.00425531914893617
